Лето;Дмитрий;Маликов;Саундт;1;100;
Лето1;Дмитрий;Тальков;Муви;1;10;
Лето2;Дмитрий;Дуров;ТЕЛЕГА;3;1000;
Лето3;Женя;Петров;ООООБОРОНА;1;10000;
Лето;Дмитрий;Маликов;Саундт;1;100;
Лето1;Дмитрий;Тальков;Муви;1;10;
Лето2;Дмитрий;Дуров;ТЕЛЕГА;3;1000;
Лето3;Женя;Петров;ООООБОРОНА;1;10000;
Лето;Дмитрий;Маликов;Саундт;1;100;
Лето1;Дмитрий;Тальков;Муви;1;10;
Лето2;Дмитрий;Дуров;ТЕЛЕГА;3;1000;
Лето3;Женя;Петров;ООООБОРОНА;1;10000;
Лето;Дмитрий;Маликов;Саундт;1;100;
Лето1;Дмитрий;Тальков;Муви;1;10;
Лето2;Дмитрий;Дуров;ТЕЛЕГА;3;1000;
Лето3;Женя;Петров;ООООБОРОНА;1;10000;
Лето;Дмитрий;Маликов;Саундт;1;100;
Лето1;Дмитрий;Тальков;Муви;1;10;
Лето2;Дмитрий;Дуров;ТЕЛЕГА;3;1000;
Лето3;Женя;Петров;ООООБОРОНА;1;10000;
Лето;Дмитрий;Маликов;Саундт;1;100;
Лето1;Дмитрий;Тальков;Муви;1;10;
Лето2;Дмитрий;Дуров;ТЕЛЕГА;3;1000;
Лето3;Женя;Петров;ООООБОРОНА;1;10000;
Лето;Дмитрий;Маликов;Саундт;1;100;
Лето1;Дмитрий;Тальков;Муви;1;10;
Лето2;Дмитрий;Дуров;ТЕЛЕГА;3;1000;
Лето3;Женя;Петров;ООООБОРОНА;1;10000;
Лето;Дмитрий;Маликов;Саундт;1;100;
Лето1;Дмитрий;Тальков;Муви;1;10;
Лето2;Дмитрий;Дуров;ТЕЛЕГА;3;1000;
Лето3;Женя;Петров;ООООБОРОНА;1;10000;
Лето;Дмитрий;Маликов;Саундт;1;100;
Лето1;Дмитрий;Тальков;Муви;1;10;
Лето2;Дмитрий;Дуров;ТЕЛЕГА;3;1000;
Лето3;Женя;Петров;ООООБОРОНА;1;10000;
Лето;Дмитрий;Маликов;Саундт;1;100;
Лето1;Дмитрий;Тальков;Муви;1;10;
Лето2;Дмитрий;Дуров;ТЕЛЕГА;3;1000;
Лето3;Женя;Петров;ООООБОРОНА;1;10000;
Лето;Дмитрий;Маликов;Саундт;1;100;
Лето1;Дмитрий;Тальков;Муви;1;10;
Лето2;Дмитрий;Дуров;ТЕЛЕГА;3;1000;
Лето3;Женя;Петров;ООООБОРОНА;1;10000;
Лето;Дмитрий;Маликов;Саундт;1;100;
Лето1;Дмитрий;Тальков;Муви;1;10;
Лето2;Дмитрий;Дуров;ТЕЛЕГА;3;1000;
Лето3;Женя;Петров;ООООБОРОНА;1;10000;
Лето;Дмитрий;Маликов;Саундт;1;100;
Лето1;Дмитрий;Тальков;Муви;1;10;
Лето2;Дмитрий;Дуров;ТЕЛЕГА;3;1000;
Лето3;Женя;Петров;ООООБОРОНА;1;10000;
Лето;Дмитрий;Маликов;Саундт;1;100;
Лето1;Дмитрий;Тальков;Муви;1;10;
Лето2;Дмитрий;Дуров;ТЕЛЕГА;3;1000;
Лето3;Женя;Петров;ООООБОРОНА;1;10000;
Лето;Дмитрий;Маликов;Саундт;1;100;
Лето1;Дмитрий;Тальков;Муви;1;10;
Лето2;Дмитрий;Дуров;ТЕЛЕГА;3;1000;
Лето3;Женя;Петров;ООООБОРОНА;1;10000;
Лето;Дмитрий;Маликов;Саундт;1;100;
Лето1;Дмитрий;Тальков;Муви;1;10;
Лето2;Дмитрий;Дуров;ТЕЛЕГА;3;1000;
Лето3;Женя;Петров;ООООБОРОНА;1;10000;